{
	"textures": {
		"texture": "block/bamboo_fence",
		"particle": "block/bamboo_planks"
	},
	"elements": [
		{
			"from": [7, 7, 0],
			"to": [9, 12, 2],
			"faces": {
				"north": {"uv": [9, 4, 11, 9], "texture": "#texture", "cullface": "north"},
				"east": {"uv": [8, 4, 10, 9], "texture": "#texture"},
				"south": {"uv": [8, 4, 10, 9], "texture": "#texture"},
				"west": {"uv": [10, 4, 12, 9], "texture": "#texture"}
			}
		},
		{
			"from": [7, 4, 0],
			"to": [9, 7, 6],
			"faces": {
				"north": {"uv": [9, 9, 11, 12], "texture": "#texture", "cullface": "north"},
				"east": {"uv": [4, 9, 10, 12], "texture": "#texture"},
				"west": {"uv": [10, 9, 16, 12], "texture": "#texture"},
				"up": {"uv": [4, 9, 10, 11], "rotation": 270, "texture": "#texture"},
				"down": {"uv": [4, 9, 10, 11], "rotation": 90, "texture": "#texture"}
			}
		},
		{
			"from": [7, 12, 0],
			"to": [9, 15, 6],
			"faces": {
				"north": {"uv": [9, 1, 11, 4], "texture": "#texture", "cullface": "north"},
				"east": {"uv": [4, 1, 10, 4], "texture": "#texture"},
				"west": {"uv": [10, 1, 16, 4], "texture": "#texture"},
				"up": {"uv": [4, 1, 10, 3], "rotation": 270, "texture": "#texture"},
				"down": {"uv": [4, 1, 10, 3], "rotation": 90, "texture": "#texture"}
			}
		}
	]
}