{
	"textures": {
		"log": "block/bamboo_fence2",
		"particle": "block/bamboo_block"
	},
	"elements": [
		{
			"from": [6, 0, 6],
			"to": [10, 16, 10],
			"faces": {
				"north": {"uv": [0, 0, 4, 16], "texture": "#log"},
				"east": {"uv": [0, 0, 4, 16], "texture": "#log"},
				"south": {"uv": [0, 0, 4, 16], "texture": "#log"},
				"west": {"uv": [0, 0, 4, 16], "texture": "#log"},
				"up": {"uv": [4, 0, 8, 4], "texture": "#log", "cullface": "up"},
				"down": {"uv": [4, 0, 8, 4], "texture": "#log", "cullface": "down"}
			}
		}
	]
}