{
	"textures": {
		"wall": "block/brick_wall",
		"particle": "block/bricks"
	},
	"elements": [
		{
			"from": [4, 0.01, 4],
			"to": [12, 16.01, 12],
			"faces": {
				"north": {"uv": [4, 8, 0, 16], "texture": "#wall"},
				"east": {"uv": [4, 8, 8, 16], "texture": "#wall"},
				"south": {"uv": [0, 8, 4, 16], "texture": "#wall"},
				"west": {"uv": [4, 8, 8, 16], "texture": "#wall"},
				"up": {"uv": [12, 0, 16, 4], "texture": "#wall", "cullface": "up"},
				"down": {"uv": [12, 0, 16, 4], "texture": "#wall", "cullface": "down"}
			}
		}
	]
}