{
	"parent": "minecraft:item/handheld",
	"textures": {
		"layer0": "adpother:item/gold_vaccum_tube"
	},
    "display": {
        "thirdperson_righthand": {
            "rotation": [ -90, 0, -60 ],
            "translation": [ 2, 0.1, -3 ],
            "scale": [ 0.9, 0.9, 0.9 ]
        },
		"thirdperson_lefthand": {
			"rotation": [67.5, 0, 90],
			"translation": [-6, -6, 10],
			"scale": [0.85, 0.85, 0.85]
		},
        "firstperson_righthand": {
            "rotation": [ -90, 0, -55 ],
            "translation": [ 1.13, 3.2, 1.13],
            "scale": [ 0.68, 0.68, 0.68 ]
        },
        "firstperson_lefthand": {
            "scale": [ 0, 0, 0 ]
        }
    }
}