{
	"parent": "minecraft:block/block",
	"textures": {
		"0": "adchimneys:block/metal",
		"1": "adchimneys:block/metal_inner",
		"2": "adchimneys:block/metal_pump_top",
		"3": "adchimneys:block/metal_vent",
		"4": "adchimneys:block/metal_vent_inner",
		"5": "adchimneys:block/metal_pump_top_inner",
		"6": "adchimneys:block/pump_fan",
		"7": "adchimneys:block/pump_fan_cross",
		"particle": "adchimneys:block/metal"
	},
	"elements": [
		{
			"from": [0, 0, 0],
			"to": [16, 16, 16],
			"faces": {
				"north": {"uv": [0, 0, 16, 16], "texture": "#3"},
				"east": {"uv": [0, 0, 16, 16], "texture": "#3"},
				"south": {"uv": [0, 0, 16, 16], "texture": "#3"},
				"west": {"uv": [0, 0, 16, 16], "texture": "#3"},
				"up": {"uv": [0, 0, 16, 16], "texture": "#2", "cullface": "up"},
				"down": {"uv": [0, 0, 16, 16], "texture": "#0", "cullface": "up"}
			}
		},
		{
			"from": [0, 0, 16],
			"to": [16, 13, 0],
			"faces": {
				"north": {"uv": [0, 3, 16, 16], "texture": "#4", "cullface": "south"},
				"east": {"uv": [0, 3, 16, 16], "texture": "#4", "cullface": "east"},
				"south": {"uv": [0, 3, 16, 16], "texture": "#4", "cullface": "north"},
				"west": {"uv": [16, 3, 0, 16], "texture": "#4", "cullface": "west"},
				"up": {"uv": [0, 0, 16, 16], "texture": "#5", "cullface": "up"},
				"down": {"uv": [0, 0, 16, 16], "texture": "#1"}
			}
		},
		{
			"from": [3, 13, 13],
			"to": [13, 16, 3],
			"faces": {
				"north": {"uv": [3, 3, 13, 6], "texture": "#5", "cullface": "up"},
				"east": {"uv": [3, 3, 3, 6], "texture": "#5", "cullface": "up"},
				"south": {"uv": [3, 3, 13, 6], "texture": "#5", "cullface": "up"},
				"west": {"uv": [3, 3, 3, 6], "texture": "#5", "cullface": "up"},
				"down": {"uv": [3, 3, 13, 13], "texture": "#5", "cullface": "up"}
			}
		},
		{
			"from": [6, 13, 6],
			"to": [10, 16, 10],
			"faces": {
				"north": {"uv": [6, 3, 10, 6], "texture": "#5", "cullface": "up"},
				"east": {"uv": [6, 3, 10, 6], "texture": "#5", "cullface": "up"},
				"south": {"uv": [6, 3, 10, 6], "texture": "#5", "cullface": "up"},
				"west": {"uv": [6, 3, 10, 6], "texture": "#5", "cullface": "up"}
			}
		},
		{
			"from": [3, 0, 3],
			"to": [13, 13, 13],
			"faces": {
				"north": {"uv": [3, 3, 13, 16], "texture": "#6"},
				"east": {"uv": [3, 3, 13, 16], "texture": "#6"},
				"south": {"uv": [3, 3, 13, 16], "texture": "#6"},
				"west": {"uv": [3, 3, 13, 16], "texture": "#6"}
			}
		},
		{
			"from": [8, 0, 0],
			"to": [8, 13, 16],
			"rotation": {"angle": 0, "axis": "y", "origin": [8, 6.5, 8]},
			"faces": {
				"east": {"uv": [0, 3, 16, 16], "texture": "#7"},
				"west": {"uv": [0, 3, 16, 16], "texture": "#7"}
			}
		},
		{
			"from": [0, 0, 8],
			"to": [16, 13, 8],
			"rotation": {"angle": 0, "axis": "y", "origin": [8, 6.5, 8]},
			"faces": {
				"north": {"uv": [0, 3, 16, 16], "texture": "#7"},
				"south": {"uv": [0, 3, 16, 16], "texture": "#7"}
			}
		}
	]
}