{
	"parent": "minecraft:block/block",
	"textures": {
		"1": "adchimneys:block/metal_vent",
		"2": "adchimneys:block/metal_vent_bottom",
		"3": "adchimneys:block/metal",
		"4": "adchimneys:block/metal_vent_inner",
		"5": "adchimneys:block/metal_vent_inner_bottom",
		"6": "adchimneys:block/metal_inner",
		"particle": "adchimneys:block/metal"
	},
	"elements": [
		{
			"from": [0, 0, 0],
			"to": [16, 16, 16],
			"faces": {
				"north": {"uv": [0, 0, 16, 16], "texture": "#1", "cullface": "north"},
				"east": {"uv": [0, 0, 16, 16], "texture": "#1", "cullface": "east"},
				"south": {"uv": [0, 0, 16, 16], "texture": "#1", "cullface": "south"},
				"west": {"uv": [0, 0, 16, 16], "texture": "#1", "cullface": "west"},
				"up": {"uv": [0, 0, 16, 16], "texture": "#3", "cullface": "up"},
				"down": {"uv": [0, 0, 16, 16], "texture": "#2", "cullface": "down"}
			}
		},
		{
			"from": [0, 0, 16],
			"to": [16, 16, 0],
			"faces": {
				"north": {"uv": [0, 0, 16, 16], "texture": "#4", "cullface": "south"},
				"east": {"uv": [0, 0, 16, 16], "texture": "#4", "cullface": "east"},
				"south": {"uv": [0, 0, 16, 16], "texture": "#4", "cullface": "north"},
				"west": {"uv": [16, 0, 0, 16], "texture": "#4", "cullface": "west"},
				"up": {"uv": [0, 0, 16, 16], "texture": "#6"},
				"down": {"uv": [0, 0, 16, 16], "texture": "#5", "cullface": "down"}
			}
		}
	]
}