{
	"parent": "minecraft:block/block",
	"textures": {
		"0": "adchimneys:block/pipe",
		"particle": "adchimneys:block/pipe"
	},
	"elements": [
		{
			"from": [6, 0, 6],
			"to": [10, 1, 10],
			"faces": {
				"north": {"uv": [3, 4, 7, 5], "texture": "#0"},
				"east": {"uv": [3, 4, 7, 5], "texture": "#0"},
				"south": {"uv": [3, 4, 7, 5], "texture": "#0"},
				"west": {"uv": [3, 4, 7, 5], "texture": "#0"},
				"up": {"uv": [3, 0, 7, 4], "texture": "#0"},
				"down": {"uv": [3, 0, 7, 4], "texture": "#0", "cullface": "down"}
			}
		},
		{
			"from": [6, 15, 6],
			"to": [10, 16, 10],
			"faces": {
				"north": {"uv": [3, 4, 7, 5], "texture": "#0"},
				"east": {"uv": [3, 4, 7, 5], "texture": "#0"},
				"south": {"uv": [3, 4, 7, 5], "texture": "#0"},
				"west": {"uv": [3, 4, 7, 5], "texture": "#0"},
				"up": {"uv": [3, 0, 7, 4], "texture": "#0", "cullface": "up"},
				"down": {"uv": [3, 0, 7, 4], "texture": "#0"}
			}
		},
		{
			"from": [6.5, 0, 6.5],
			"to": [9.5, 16, 9.5],
			"faces": {
				"north": {"uv": [0, 0, 3, 16], "texture": "#0"},
				"east": {"uv": [0, 0, 3, 16], "texture": "#0"},
				"south": {"uv": [0, 0, 3, 16], "texture": "#0"},
				"west": {"uv": [0, 0, 3, 16], "texture": "#0"}
			}
		}
	]
}