{
	"credit": "Made with Blockbench",
	"parent": "minecraft:block/block",
	"textures": {
		"0": "adchimneys:block/cobblestone",
		"1": "adchimneys:block/cobblestone_vent",
		"3": "adchimneys:block/cobblestone_vent_inner",
		"6": "adchimneys:block/cobblestone_pump_top",
		"8": "adchimneys:block/pump_fan",
		"9": "adchimneys:block/pump_fan_cross",
		"particle": "adchimneys:block/cobblestone"
	},
	"elements": [
		{
			"from": [0, 0, 0],
			"to": [16, 16, 16],
			"faces": {
				"north": {"uv": [0, 0, 16, 16], "texture": "#1", "cullface": "north"},
				"east": {"uv": [0, 0, 16, 16], "texture": "#1", "cullface": "east"},
				"south": {"uv": [0, 0, 16, 16], "texture": "#1", "cullface": "south"},
				"west": {"uv": [0, 0, 16, 16], "texture": "#1", "cullface": "west"},
				"up": {"uv": [0, 0, 16, 16], "texture": "#6", "cullface": "up"},
				"down": {"uv": [0, 0, 16, 16], "texture": "#0", "cullface": "down"}
			}
		},
		{
			"from": [0, 13, 0],
			"to": [16, 3, 16],
			"faces": {
				"up": {"uv": [0, 0, 16, 16], "texture": "#0"},
				"down": {"uv": [0, 0, 16, 16], "texture": "#0"}
			}
		},
		{
			"from": [0, 0, 6],
			"to": [16, 13, 3],
			"faces": {
				"north": {"uv": [0, 3, 16, 16], "texture": "#3"},
				"south": {"uv": [0, 3, 16, 16], "texture": "#1"}
			}
		},
		{
			"from": [0, 0, 13],
			"to": [16, 13, 10],
			"faces": {
				"north": {"uv": [0, 3, 16, 16], "texture": "#1"},
				"south": {"uv": [0, 3, 16, 16], "texture": "#3"}
			}
		},
		{
			"from": [6, 0, 0],
			"to": [3, 13, 16],
			"faces": {
				"east": {"uv": [0, 3, 16, 16], "texture": "#1"},
				"west": {"uv": [0, 3, 16, 16], "texture": "#3"}
			}
		},
		{
			"from": [13, 0, 0],
			"to": [10, 13, 16],
			"faces": {
				"east": {"uv": [0, 3, 16, 16], "texture": "#3"},
				"west": {"uv": [0, 3, 16, 16], "texture": "#1"}
			}
		},
		{
			"from": [4, 0, 4],
			"to": [12, 13, 12],
			"faces": {
				"north": {"uv": [4, 3, 12, 16], "texture": "#8"},
				"east": {"uv": [4, 3, 12, 16], "texture": "#8"},
				"south": {"uv": [4, 3, 12, 16], "texture": "#8"},
				"west": {"uv": [4, 3, 12, 16], "texture": "#8"}
			}
		},
		{
			"from": [8, 0, 0],
			"to": [8, 13, 16],
			"rotation": {"angle": 0, "axis": "y", "origin": [8, 6.5, 8]},
			"faces": {
				"east": {"uv": [0, 3, 16, 16], "texture": "#9"},
				"west": {"uv": [0, 3, 16, 16], "texture": "#9"}
			}
		},
		{
			"from": [0, 0, 8],
			"to": [16, 13, 8],
			"rotation": {"angle": 0, "axis": "y", "origin": [8, 6.5, 8]},
			"faces": {
				"north": {"uv": [0, 3, 16, 16], "texture": "#9"},
				"south": {"uv": [0, 3, 16, 16], "texture": "#9"}
			}
		},
		{
			"from": [6, 13, 6],
			"to": [10, 16, 10],
			"faces": {
				"north": {"uv": [5, 3, 9, 6], "texture": "#0", "cullface": "up"},
				"east": {"uv": [5, 3, 9, 6], "texture": "#0", "cullface": "up"},
				"south": {"uv": [5, 3, 9, 6], "texture": "#0", "cullface": "up"},
				"west": {"uv": [5, 3, 9, 6], "texture": "#0", "cullface": "up"}
			}
		},
		{
			"from": [13, 13, 3],
			"to": [3, 16, 13],
			"faces": {
				"north": {"uv": [3, 3, 13, 6], "texture": "#0", "cullface": "up"},
				"east": {"uv": [3, 3, 13, 6], "texture": "#0", "cullface": "up"},
				"south": {"uv": [3, 3, 13, 6], "texture": "#0", "cullface": "up"},
				"west": {"uv": [3, 3, 13, 6], "texture": "#0", "cullface": "up"},
				"down": {"uv": [3, 3, 13, 13], "texture": "#0"}
			}
		}
	]
}